{
    "uvs":[],
    "vertices":[0.0997607,0,0,0.179938,-0.130538,0.130538,0.179938,-2.20076e-08,0.184613,0.179938,-0.184613,-2.20076e-08,0.179938,-0.130538,-0.130538,0.179938,2.20076e-08,-0.184613,0.179938,0.130538,-0.130538,0.179938,0.184613,2.20076e-08,0.179938,0.130538,0.130538,-0.181138,-2.23389e-08,0.187393,-0.181138,-0.132507,0.132507,-0.181138,0,0,-0.181138,-0.187393,-2.23389e-08,-0.181138,-0.132507,-0.132507,-0.181138,2.23389e-08,-0.187393,-0.181138,0.132507,-0.132507,-0.181138,0.187393,2.23389e-08,-0.181138,0.132507,0.132507,0.179938,-2.20076e-08,0.184613,0.179938,-0.130538,0.130538,0.154158,-0.178408,0.178408,0.154158,-3.00782e-08,0.252314,0.179938,-0.184613,-2.20076e-08,0.154158,-0.252314,-3.00782e-08,0.179938,-0.130538,-0.130538,0.154158,-0.178408,-0.178408,0.179938,2.20076e-08,-0.184613,0.154158,3.00782e-08,-0.252314,0.179938,0.130538,-0.130538,0.154158,0.178408,-0.178408,0.179938,0.184613,2.20076e-08,0.154158,0.252314,3.00782e-08,0.179938,0.130538,0.130538,0.154158,0.178408,0.178408,0.119873,-0.189511,0.189511,0.119873,-3.19491e-08,0.268009,0.119873,-0.268009,-3.19491e-08,0.119873,-0.189511,-0.189511,0.119873,3.19491e-08,-0.268009,0.119873,0.189511,-0.189511,0.119882,0.268009,3.19491e-08,0.119873,0.189511,0.189511,-0.121081,-0.189511,0.189511,-0.121081,-3.19491e-08,0.268009,-0.121081,-0.268009,-3.19491e-08,-0.121081,-0.189511,-0.189511,-0.121081,3.19491e-08,-0.268009,-0.121081,0.189511,-0.189511,-0.121081,0.268009,3.19491e-08,-0.121081,0.189511,0.189511,-0.155366,-0.178408,0.178408,-0.155366,-3.00782e-08,0.252314,-0.155366,-0.252314,-3.00782e-08,-0.155366,-0.178408,-0.178408,-0.155366,3.00782e-08,-0.252314,-0.155366,0.178408,-0.178408,-0.155366,0.252314,3.00782e-08,-0.155366,0.178408,0.178408,-0.181138,-0.132507,0.132507,-0.181138,-2.23389e-08,0.187393,-0.181138,-0.187393,-2.23389e-08,-0.181138,-0.132507,-0.132507,-0.181138,2.23389e-08,-0.187393,-0.181138,0.132507,-0.132507,-0.181138,0.187393,2.23389e-08,-0.181138,0.132507,0.132507],
    "normals":[0.917203,0,-0.398328,0.917203,0.281655,-0.281655,1,0,0,0.917203,0.398328,0,0.917203,0.281655,0.281655,0.917203,0,0.398328,0.917203,-0.281655,0.281655,0.917203,-0.398328,0,0.917203,-0.281655,-0.281655,-1,0,0,0.685965,0,0.727592,0.685965,-0.514481,0.514481,0.934507,-0.251625,0.251625,0.934507,0,0.355846,0.685965,-0.727592,0,0.934507,-0.355846,0,0.685965,-0.514481,-0.514481,0.934507,-0.251625,-0.251625,0.685965,0,-0.727592,0.934507,0,-0.355846,0.685995,0.514481,-0.514481,0.934507,0.251625,-0.251625,0.685995,0.727592,0,0.934507,0.355846,0,0.685995,0.514481,0.514481,0.934507,0.251625,0.251625,0.202948,0,0.979156,0.202948,-0.692373,0.692373,0.202948,-0.979156,0,0.202948,-0.692373,-0.692373,0.202948,0,-0.979156,0.202948,0.692373,-0.692373,0.202979,0.979156,0,0.202948,0.692373,0.692373,-0.202948,0,0.979156,-0.202948,-0.692373,0.692373,-0.202948,-0.979156,0,-0.202948,-0.692373,-0.692373,-0.202948,0,-0.979156,-0.202948,0.692373,-0.692373,-0.202948,0.979156,0,-0.202948,0.692373,0.692373,-0.681875,0,0.731437,-0.681875,-0.517197,0.517197,-0.681875,-0.731437,0,-0.681875,-0.517197,-0.517197,-0.681875,0,-0.731437,-0.681875,0.517197,-0.517197,-0.681875,0.731437,0,-0.681875,0.517197,0.517197,-0.929411,0,0.368969,-0.929411,-0.260903,0.260903,-0.929411,-0.368969,0,-0.929411,-0.260903,-0.260903,-0.929411,0,-0.368969,-0.929411,0.260903,-0.260903,-0.929411,0.368969,0,-0.929411,0.260903,0.260903],
    "faces":[34,2,1,0,0,0,1,2,34,1,3,0,0,1,3,2,34,3,4,0,0,3,4,2,34,4,5,0,0,4,5,2,34,5,6,0,0,5,6,2,34,6,7,0,0,6,7,2,34,7,8,0,0,7,8,2,34,8,2,0,0,8,0,2,34,11,10,9,0,9,9,9,34,11,12,10,0,9,9,9,34,11,13,12,0,9,9,9,34,11,14,13,0,9,9,9,34,11,15,14,0,9,9,9,34,11,16,15,0,9,9,9,34,11,17,16,0,9,9,9,34,11,9,17,0,9,9,9,35,21,20,19,18,1,10,11,12,13,35,20,23,22,19,1,11,14,15,12,35,23,25,24,22,1,14,16,17,15,35,25,27,26,24,1,16,18,19,17,35,27,29,28,26,1,18,20,21,19,35,29,31,30,28,1,20,22,23,21,35,31,33,32,30,1,22,24,25,23,35,33,21,18,32,1,24,10,13,25,35,35,34,20,21,1,26,27,11,10,35,34,36,23,20,1,27,28,14,11,35,36,37,25,23,1,28,29,16,14,35,37,38,27,25,1,29,30,18,16,35,38,39,29,27,1,30,31,20,18,35,39,40,31,29,1,31,32,22,20,35,40,41,33,31,1,32,33,24,22,35,41,35,21,33,1,33,26,10,24,35,43,42,34,35,1,34,35,27,26,35,42,44,36,34,1,35,36,28,27,35,44,45,37,36,1,36,37,29,28,35,45,46,38,37,1,37,38,30,29,35,46,47,39,38,1,38,39,31,30,35,47,48,40,39,1,39,40,32,31,35,48,49,41,40,1,40,41,33,32,35,49,43,35,41,1,41,34,26,33,35,51,50,42,43,1,42,43,35,34,35,50,52,44,42,1,43,44,36,35,35,52,53,45,44,1,44,45,37,36,35,53,54,46,45,1,45,46,38,37,35,54,55,47,46,1,46,47,39,38,35,55,56,48,47,1,47,48,40,39,35,56,57,49,48,1,48,49,41,40,35,57,51,43,49,1,49,42,34,41,35,59,58,50,51,1,50,51,43,42,35,58,60,52,50,1,51,52,44,43,35,60,61,53,52,1,52,53,45,44,35,61,62,54,53,1,53,54,46,45,35,62,63,55,54,1,54,55,47,46,35,63,64,56,55,1,55,56,48,47,35,64,65,57,56,1,56,57,49,48,35,65,59,51,57,1,57,50,42,49],
    "metadata":{
        "faces":56,
        "type":"Geometry",
        "materials":2,
        "generator":"io_three",
        "uvs":0,
        "vertices":66,
        "version":3,
        "normals":58
    },
    "materials":[{
        "shading":"phong",
        "wireframe":false,
        "visible":true,
        "colorSpecular":[0,0,0],
        "depthWrite":true,
        "blending":"NormalBlending",
        "DbgColor":15597568,
        "colorDiffuse":[0.863,0.863,0.863],
        "specularCoef":5,
        "DbgIndex":1,
        "transparent":false,
        "colorEmissive":[0,0,0],
        "opacity":1,
        "depthTest":true,
        "DbgName":"m1material310"
    },{
        "shading":"phong",
        "wireframe":false,
        "visible":true,
        "colorSpecular":[0,0,0],
        "depthWrite":true,
        "blending":"NormalBlending",
        "DbgColor":15658734,
        "colorDiffuse":[0.22,0.22,0.22],
        "specularCoef":5,
        "DbgIndex":0,
        "transparent":false,
        "colorEmissive":[0,0,0],
        "opacity":1,
        "depthTest":true,
        "DbgName":"m0material304"
    }]
}